date,temp_max,temp_min,temp_mean,precip_mm
2025-04-13,14.7,1.1,7.6,0.0
2025-04-14,16.4,0.2,8.8,0.0
2025-04-15,14.0,5.0,9.5,1.1
2025-04-16,4.6,0.9,2.6,2.5
2025-04-17,8.7,-1.2,3.4,0.0
2025-04-18,13.9,0.1,7.5,0.1
2025-04-19,21.3,8.1,14.4,16.3
2025-04-20,11.7,0.9,5.9,0.1
2025-04-21,14.4,-0.4,6.8,6.3
2025-04-22,12.4,7.6,9.8,2.0
2025-04-23,12.5,4.3,8.4,0.0
2025-04-24,18.5,1.9,10.0,0.6
2025-04-25,17.3,4.4,11.0,0.1
2025-04-26,12.2,7.1,9.6,9.6
2025-04-27,14.4,2.2,7.6,12.4
2025-04-28,19.6,5.2,13.0,0.0
2025-04-29,24.3,9.0,16.5,10.7
2025-04-30,18.1,1.5,7.3,0.0
2025-05-01,15.8,1.6,9.0,0.1
2025-05-02,21.5,9.4,14.7,16.8
2025-05-03,14.7,8.8,11.4,0.6
2025-05-04,18.5,8.3,13.2,0.0
2025-05-05,22.3,7.4,14.7,0.0
2025-05-06,21.2,12.3,16.5,5.1
2025-05-07,19.7,10.8,15.8,5.8
2025-05-08,10.4,7.6,9.1,0.0
2025-05-09,8.2,6.4,7.3,11.9
2025-05-10,17.0,7.2,11.3,1.3
2025-05-11,15.8,4.4,9.9,0.0
2025-05-12,19.9,8.5,14.1,1.1
2025-05-13,24.6,8.8,17.1,0.0
2025-05-14,25.4,12.4,19.5,0.0
2025-05-15,25.4,15.8,20.8,1.2
2025-05-16,28.5,15.4,20.8,1.7
2025-05-17,22.8,15.2,18.2,10.8
2025-05-18,16.6,8.2,13.3,12.7
2025-05-19,10.0,6.9,8.4,8.7
2025-05-20,13.1,6.9,9.3,0.5
2025-05-21,16.7,8.4,12.1,2.4
2025-05-22,12.1,8.6,10.3,2.7
2025-05-23,10.7,7.8,8.8,6.9
2025-05-24,10.5,6.9,8.4,6.1
2025-05-25,17.7,6.9,11.8,2.0
2025-05-26,21.1,7.3,14.5,1.4
2025-05-27,24.0,11.5,17.7,0.0
2025-05-28,26.0,12.0,19.5,0.0
2025-05-29,19.0,14.2,16.9,2.7
2025-05-30,21.5,14.2,17.3,0.0
2025-05-31,16.3,10.4,13.7,13.7
2025-06-01,13.3,8.9,10.6,2.2
2025-06-02,18.9,9.9,14.0,0.2
2025-06-03,25.1,10.1,17.5,0.0
2025-06-04,30.3,14.3,22.6,0.0
2025-06-05,26.3,19.4,23.0,0.3
2025-06-06,25.8,14.6,20.6,0.0
2025-06-07,25.5,17.2,20.8,0.0
2025-06-08,25.9,13.3,19.9,0.0
2025-06-09,21.6,17.6,19.4,1.5
2025-06-10,23.1,16.5,19.2,7.1
2025-06-11,23.2,15.0,19.3,0.0
2025-06-12,21.5,13.2,18.1,0.9
2025-06-13,20.0,10.2,15.0,0.0
2025-06-14,22.7,10.6,17.1,0.0
2025-06-15,25.8,11.0,19.3,0.0
2025-06-16,27.4,15.0,21.8,0.0
2025-06-17,26.2,17.8,22.1,0.8
2025-06-18,29.6,19.0,24.2,1.3
2025-06-19,28.0,20.2,23.4,18.7
2025-06-20,23.6,15.9,20.0,5.6
2025-06-21,26.3,14.5,20.8,0.0
2025-06-22,29.4,20.1,24.7,17.8
2025-06-23,34.7,20.3,27.6,0.1
2025-06-24,33.9,25.3,29.5,0.2
2025-06-25,30.0,22.3,25.5,0.0
2025-06-26,22.6,16.9,19.2,0.0
2025-06-27,26.2,15.0,20.4,2.6
2025-06-28,26.4,15.9,19.5,27.7
2025-06-29,23.4,18.0,20.6,0.3
2025-06-30,28.9,17.9,23.5,0.0
2025-07-01,26.5,20.5,23.3,12.7
2025-07-02,27.6,20.0,23.4,0.1
2025-07-03,22.7,17.7,20.3,12.6
2025-07-04,23.6,14.6,19.0,0.0
2025-07-05,25.2,16.5,21.0,0.0
2025-07-06,31.6,22.0,25.5,2.6
2025-07-07,24.2,16.7,20.3,15.2
2025-07-08,24.9,15.7,20.4,0.1
2025-07-09,27.4,17.1,22.8,0.0
2025-07-10,28.1,19.3,23.3,5.1
2025-07-11,29.1,19.1,24.3,0.3
2025-07-12,31.6,20.8,26.4,0.1
2025-07-13,30.8,22.9,25.6,20.5
2025-07-14,28.6,21.8,24.9,2.1
2025-07-15,29.8,20.8,25.3,0.0
2025-07-16,33.4,22.6,27.7,0.0
2025-07-17,29.9,20.3,25.3,16.6
2025-07-18,24.2,15.9,20.2,0.0
2025-07-19,26.2,17.7,21.8,0.0
2025-07-20,25.0,18.6,21.5,1.4
2025-07-21,21.7,14.6,18.3,0.0
2025-07-22,23.1,13.4,18.4,0.0
2025-07-23,26.5,15.3,21.5,0.0
2025-07-24,33.3,19.3,26.8,0.0
2025-07-25,29.4,22.0,25.1,5.5
2025-07-26,30.7,18.5,24.7,0.0
2025-07-27,28.5,20.9,24.5,1.6
2025-07-28,30.7,20.9,25.9,0.0
2025-07-29,29.6,21.8,25.6,0.3
2025-07-30,26.8,20.8,23.6,2.3
2025-07-31,23.0,16.7,19.6,0.0
2025-08-01,23.3,14.2,18.9,0.0
2025-08-02,26.4,15.0,21.0,0.0
2025-08-03,29.2,18.6,23.6,0.0
2025-08-04,25.8,18.4,22.3,0.5
2025-08-05,25.7,15.2,20.6,0.0
2025-08-06,29.2,15.9,22.6,0.0
2025-08-07,30.8,16.9,24.0,0.0
2025-08-08,31.3,20.2,25.5,0.1
2025-08-09,31.7,19.9,26.3,0.0
2025-08-10,34.0,23.6,28.4,0.4
2025-08-11,34.5,23.5,29.1,0.0
2025-08-12,34.8,23.5,29.3,0.0
2025-08-13,29.0,23.2,26.6,5.3
2025-08-14,28.0,20.5,23.7,0.0
2025-08-15,27.7,16.3,22.0,0.0
2025-08-16,30.6,17.0,24.1,0.0
2025-08-17,24.2,15.6,19.7,4.3
2025-08-18,20.6,11.9,16.3,0.0
2025-08-19,22.9,13.1,17.9,0.0
2025-08-20,24.3,14.9,19.4,0.2
2025-08-21,26.8,15.0,20.8,0.0
2025-08-22,28.7,16.0,22.7,0.0
2025-08-23,30.6,19.7,24.8,0.4
2025-08-24,25.1,17.7,20.8,11.9
2025-08-25,24.7,18.0,20.8,0.2
2025-08-26,20.6,15.8,17.9,0.0
2025-08-27,22.1,13.3,17.3,0.0
2025-08-28,22.9,14.2,17.4,5.5
2025-08-29,19.1,14.1,15.9,18.9
2025-08-30,17.5,12.5,14.2,5.2
2025-08-31,22.8,12.2,17.5,0.0
2025-09-01,25.2,14.2,19.5,0.0
2025-09-02,24.5,16.3,20.1,0.2
2025-09-03,25.6,15.3,19.9,0.0
2025-09-04,26.1,16.6,20.1,15.3
2025-09-05,23.7,12.2,18.2,2.4
2025-09-06,18.9,13.8,15.5,6.7
2025-09-07,18.7,12.6,15.1,1.3
2025-09-08,18.0,11.3,14.5,0.2
2025-09-09,20.1,10.5,14.9,0.0
2025-09-10,21.8,11.5,16.6,0.0
2025-09-11,22.3,13.1,17.3,0.0
2025-09-12,20.0,10.4,15.0,0.0
2025-09-13,21.9,12.7,16.9,0.0
2025-09-14,23.4,14.4,18.4,0.0
2025-09-15,22.2,12.2,16.8,0.0
2025-09-16,24.5,12.1,17.6,0.0
2025-09-17,24.7,13.0,18.5,0.0
2025-09-18,25.2,15.2,19.8,0.0
2025-09-19,19.9,12.5,16.0,0.0
2025-09-20,16.2,8.0,12.0,0.0
2025-09-21,21.9,7.0,14.3,0.0
2025-09-22,22.6,13.9,17.6,3.6
2025-09-23,22.4,15.0,18.2,2.4
2025-09-24,22.0,13.8,17.3,0.0
2025-09-25,20.5,15.0,17.6,7.4
2025-09-26,21.3,14.6,17.7,0.2
2025-09-27,19.9,10.5,15.4,0.0
2025-09-28,22.3,16.0,18.6,0.0
2025-09-29,22.3,13.4,17.6,0.0
2025-09-30,17.0,11.2,14.8,0.0
2025-10-01,15.9,6.7,11.1,0.0
2025-10-02,17.5,4.9,10.9,0.0
2025-10-03,21.7,8.0,14.4,0.0
2025-10-04,24.2,13.5,18.4,0.0
2025-10-05,29.8,14.4,21.0,0.0
2025-10-06,28.8,14.2,21.0,0.0
2025-10-07,24.0,15.7,19.2,11.2
2025-10-08,15.2,7.9,12.9,1.9
2025-10-09,12.3,3.9,7.6,0.0
2025-10-10,13.9,3.0,8.1,0.0
2025-10-11,18.3,6.6,11.5,0.0
2025-10-12,19.9,6.8,12.6,0.0
2025-10-13,15.9,8.7,11.8,0.0
2025-10-14,15.8,10.5,12.5,0.0
2025-10-15,12.9,7.3,10.2,0.0
2025-10-16,13.1,3.8,7.8,0.0
2025-10-17,12.5,3.0,7.3,0.0
2025-10-18,14.5,4.4,9.5,0.0
2025-10-19,22.0,10.6,16.0,0.0
2025-10-20,20.2,13.8,16.8,14.9
2025-10-21,13.9,9.9,11.5,0.8
2025-10-22,14.0,8.9,10.8,6.1
2025-10-23,12.3,7.8,9.3,3.4
2025-10-24,9.9,5.2,7.4,0.1
2025-10-25,9.2,4.3,6.7,0.0
2025-10-26,9.5,4.1,6.8,0.0
2025-10-27,10.4,4.0,6.8,0.0
2025-10-28,11.7,3.9,7.0,0.0
2025-10-29,11.5,2.1,6.1,0.0
2025-10-30,7.8,2.6,5.2,12.6
2025-10-31,9.2,5.7,8.0,37.6
2025-11-01,8.4,3.9,6.3,1.1
2025-11-02,6.9,2.6,4.5,0.0
2025-11-03,11.8,1.8,6.5,5.6
2025-11-04,9.8,5.8,7.3,1.9
2025-11-05,6.8,2.7,4.6,9.5
2025-11-06,6.5,0.8,3.6,0.5
2025-11-07,6.8,-1.4,2.4,3.3
2025-11-08,9.2,-0.5,5.0,0.7
2025-11-09,1.1,-1.4,-0.7,6.1
2025-11-10,2.1,0.3,1.3,16.2
2025-11-11,0.3,-1.6,-1.1,6.3
2025-11-12,1.7,-1.7,0.4,4.9
2025-11-13,2.1,-0.3,1.0,2.3
2025-11-14,1.5,-1.9,-0.3,0.2
2025-11-15,0.7,-4.6,-1.3,1.5
2025-11-16,1.5,-1.9,-0.2,13.9
2025-11-17,0.2,-1.6,-0.8,2.1
2025-11-18,0.3,-2.4,-0.9,0.1
2025-11-19,-0.4,-5.1,-2.9,0.0
2025-11-20,-0.7,-5.7,-3.0,0.0
2025-11-21,2.6,-5.7,-0.4,2.0
2025-11-22,2.5,-2.7,-0.1,0.1
2025-11-23,0.7,-5.5,-2.0,1.4
2025-11-24,1.8,-1.3,0.4,0.5
2025-11-25,4.8,0.4,2.4,0.0
